PIN,gender,age,condition,shock,tipi1,tipi2,tipi3,tipi4,tipi5,tipi6,tipi7,tipi8,tipi9,tipi10,preShare,postShare,guilt
1,woman,19,self_good,high,3,5,5,2,4,5,5,2,5,4,5,8,6
2,woman,18,self_good,high,5,4,4,5,5,5,4,6,6,4,6,10,6
3,woman,20,self_good,high,1,4,4,4,4,3,3,6,3,6,4,8,5
4,woman,19,self_good,high,5,4,3,5,4,2,5,3,3,5,3,7,7
5,woman,21,self_good,high,4,4,5,5,3,4,3,4,2,5,7,10,6
6,woman,21,self_good,high,4,6,3,2,3,3,3,3,6,4,5,9,5
7,woman,20,self_good,high,4,4,4,4,4,4,3,2,4,3,6,10,6
8,woman,21,self_good,high,4,2,4,4,1,5,7,3,6,5,4,8,6
9,woman,22,self_good,high,2,1,4,5,4,4,3,5,5,4,4,8,7
10,woman,21,self_good,high,3,5,3,4,3,3,4,4,4,3,3,8,7
11,woman,22,self_good,high,4,5,2,3,5,4,4,5,4,2,5,9,5
12,woman,20,self_good,high,3,2,3,7,3,4,3,3,3,3,4,9,6
13,woman,18,self_good,high,4,3,3,5,5,3,5,4,5,2,3,7,6
14,woman,19,self_good,high,5,4,6,5,2,4,2,2,2,5,3,7,5
15,woman,20,self_good,high,4,5,4,2,3,2,2,5,5,2,5,8,7
16,woman,20,self_good,high,4,5,3,5,5,4,3,4,2,1,5,9,6
17,woman,21,self_good,high,3,3,5,6,3,3,5,3,4,6,3,7,7
18,woman,21,self_good,high,5,4,5,4,6,3,5,3,4,4,4,8,6
19,woman,21,self_good,high,4,4,3,3,5,4,3,4,2,3,2,5,6
20,woman,21,self_good,high,6,3,2,3,3,3,5,4,5,5,6,10,7
21,woman,21,self_good,high,3,3,6,3,4,4,3,2,3,3,5,10,6
22,woman,20,self_good,high,5,5,5,4,2,2,5,4,4,6,4,8,6
23,woman,22,self_good,high,4,5,4,4,5,4,5,4,6,4,4,7,5
24,woman,20,self_good,high,3,6,5,6,4,3,2,4,3,3,3,6,5
25,woman,21,self_good,high,1,4,4,4,4,4,2,5,5,3,3,8,5
26,woman,20,self_good,high,6,2,5,3,4,3,5,2,5,3,3,8,6
27,woman,21,self_good,high,4,4,5,2,5,1,5,2,5,2,5,10,6
28,woman,19,self_good,high,4,6,3,5,4,3,3,3,4,4,3,7,6
29,woman,20,self_good,high,6,4,4,5,5,3,5,4,4,3,4,8,6
30,woman,19,self_good,high,2,6,2,3,5,6,5,4,6,3,4,8,6
31,woman,21,self_good,medium,6,5,3,6,4,2,3,2,4,5,4,7,5
32,woman,22,self_good,medium,1,2,4,4,5,4,2,3,5,4,4,6,5
33,woman,20,self_good,medium,1,5,3,5,3,4,4,4,5,6,2,5,6
34,woman,21,self_good,medium,6,4,1,3,3,2,4,5,5,4,4,8,6
35,woman,20,self_good,medium,1,4,6,3,3,5,4,2,5,5,4,8,7
36,woman,20,self_good,medium,5,6,3,4,6,3,4,4,3,4,3,4,5
37,woman,20,self_good,medium,4,3,4,2,5,4,4,5,5,6,2,5,5
38,woman,22,self_good,medium,3,3,6,4,3,2,4,3,4,3,4,7,5
39,woman,20,self_good,medium,3,5,5,2,4,5,3,2,4,2,4,6,4
40,woman,18,self_good,medium,3,4,6,4,5,3,4,1,4,5,5,10,4
41,woman,20,self_good,medium,4,4,4,3,4,4,4,3,6,2,5,8,5
42,woman,19,self_good,medium,5,2,5,5,5,4,4,3,4,2,4,7,5
43,woman,21,self_good,medium,5,5,4,5,5,3,3,6,3,3,3,5,5
44,woman,19,self_good,medium,4,2,2,5,3,3,3,4,4,4,3,7,5
45,woman,19,self_good,medium,3,5,5,4,3,2,1,4,4,2,6,9,5
46,woman,21,self_good,medium,3,3,1,2,4,4,4,5,6,5,7,10,5
47,woman,18,self_good,medium,3,5,3,5,6,6,4,4,5,1,4,7,6
48,woman,21,self_good,medium,3,7,2,3,5,3,2,5,5,1,3,5,4
49,woman,22,self_good,medium,2,6,7,4,3,6,1,1,4,6,4,7,6
50,woman,19,self_good,medium,3,2,5,6,3,5,6,3,4,5,5,9,5
51,woman,20,self_good,medium,3,1,3,4,2,3,4,6,5,6,4,6,5
52,woman,21,self_good,medium,4,3,6,4,3,3,7,2,4,4,3,6,6
53,woman,21,self_good,medium,4,4,4,5,3,3,2,1,3,3,5,7,6
54,woman,21,self_good,medium,2,5,5,4,2,3,2,4,4,4,3,6,6
55,woman,21,self_good,medium,2,3,5,4,6,5,4,5,4,1,3,6,6
56,woman,20,self_good,medium,3,5,5,3,3,3,2,4,7,3,2,4,5
57,woman,19,self_good,medium,3,5,2,3,3,4,3,5,5,3,3,6,6
58,woman,19,self_good,medium,5,4,5,6,5,1,2,3,3,2,4,6,6
59,woman,19,self_good,medium,4,3,3,3,3,4,5,2,4,4,5,9,6
60,woman,19,self_good,medium,3,2,4,2,5,3,5,6,3,5,5,8,6
61,woman,19,self_good,low,3,3,6,3,4,4,5,3,6,4,6,9,6
62,woman,20,self_good,low,5,4,4,2,4,2,4,2,4,2,4,6,4
63,woman,19,self_good,low,6,5,4,6,4,2,3,5,4,5,3,5,5
64,woman,20,self_good,low,6,5,5,2,4,3,3,4,3,4,2,4,4
65,woman,20,self_good,low,1,4,3,3,4,5,3,4,7,5,3,5,4
66,woman,22,self_good,low,5,3,5,3,3,2,4,6,4,5,3,4,5
67,woman,21,self_good,low,5,4,6,4,1,2,2,2,5,7,5,6,4
68,woman,21,self_good,low,3,3,3,5,5,4,5,5,3,3,5,7,6
69,woman,18,self_good,low,4,2,5,2,6,4,7,3,4,2,3,7,5
70,woman,22,self_good,low,4,6,5,5,2,3,4,2,3,5,4,5,5
71,woman,20,self_good,low,5,5,3,3,4,2,3,3,3,5,3,5,6
72,woman,20,self_good,low,4,2,2,3,3,3,6,3,5,2,3,6,5
73,woman,18,self_good,low,4,3,3,6,5,5,3,4,3,5,4,7,5
74,woman,21,self_good,low,4,3,5,2,3,6,5,3,5,4,5,8,5
75,woman,19,self_good,low,4,5,4,2,5,2,2,2,6,4,3,4,4
76,woman,19,self_good,low,3,3,4,3,5,4,3,4,4,3,3,5,5
77,woman,21,self_good,low,4,5,5,3,3,3,4,3,5,4,4,5,6
78,woman,19,self_good,low,7,4,4,4,5,2,2,3,5,5,6,7,5
79,woman,20,self_good,low,4,3,6,4,4,2,5,2,4,2,3,6,6
80,woman,21,self_good,low,4,2,4,4,3,2,4,4,4,5,4,5,5
81,woman,21,self_good,low,2,3,3,3,4,3,6,5,5,5,5,8,6
82,woman,21,self_good,low,5,5,2,4,4,4,2,5,5,4,5,7,5
83,woman,21,self_good,low,2,5,5,3,3,2,4,4,6,7,4,7,5
84,woman,20,self_good,low,3,3,5,5,4,4,5,1,4,5,4,7,5
85,woman,19,self_good,low,3,5,3,3,3,6,2,2,5,7,3,4,5
86,woman,20,self_good,low,6,6,6,4,4,2,1,4,4,1,4,5,5
87,woman,20,self_good,low,4,5,5,4,2,3,3,4,4,5,3,5,4
88,woman,20,self_good,low,2,4,4,4,2,2,5,4,5,6,3,6,5
89,woman,21,self_good,low,4,3,3,3,4,5,4,5,4,2,5,7,5
90,woman,19,self_good,low,3,2,5,2,5,6,5,4,5,2,4,6,6
91,woman,20,self_bad,high,3,3,6,3,3,4,4,1,4,3,2,3,5
92,woman,20,self_bad,high,4,4,6,6,5,4,4,1,4,2,4,6,5
93,woman,21,self_bad,high,3,4,3,5,5,3,2,3,3,4,4,6,5
94,woman,21,self_bad,high,1,2,4,2,5,5,4,3,4,1,6,8,4
95,woman,19,self_bad,high,4,4,3,6,4,4,4,6,3,2,4,5,4
96,woman,19,self_bad,high,4,5,5,5,2,4,4,5,3,6,6,6,3
97,woman,20,self_bad,high,5,4,4,5,5,2,2,3,2,4,4,4,4
98,woman,20,self_bad,high,4,1,5,2,5,4,4,4,6,4,5,6,4
99,woman,21,self_bad,high,4,4,7,5,5,3,3,2,4,3,3,4,3
100,woman,19,self_bad,high,3,4,3,3,3,6,4,5,5,5,4,4,4
101,woman,19,self_bad,high,4,4,5,4,5,3,3,4,3,3,6,7,5
102,woman,19,self_bad,high,4,5,5,5,4,4,5,1,6,6,4,5,5
103,woman,20,self_bad,high,1,4,4,3,4,5,6,4,4,3,4,3,4
104,woman,21,self_bad,high,5,5,5,4,6,4,4,3,6,2,4,6,7
105,woman,18,self_bad,high,2,4,5,2,4,4,4,3,5,1,4,4,4
106,woman,21,self_bad,high,1,3,6,4,3,4,2,2,5,3,3,4,4
107,woman,21,self_bad,high,3,4,4,4,3,3,4,4,4,5,4,5,4
108,woman,20,self_bad,high,1,4,6,5,4,3,3,3,3,4,2,4,4
109,woman,20,self_bad,high,1,3,5,6,3,5,3,3,4,4,4,5,5
110,woman,20,self_bad,high,6,4,4,3,4,4,3,3,5,7,6,7,4
111,woman,19,self_bad,high,4,1,5,5,5,2,6,3,2,4,4,5,4
112,woman,21,self_bad,high,4,2,4,5,3,4,6,4,3,7,3,4,4
113,woman,19,self_bad,high,4,3,4,6,4,3,6,3,2,5,4,6,5
114,woman,21,self_bad,high,3,5,4,3,4,5,3,3,4,4,3,4,5
115,woman,19,self_bad,high,5,3,4,4,4,4,1,5,5,6,2,2,5
116,woman,21,self_bad,high,4,5,4,2,2,3,2,5,5,5,5,6,3
117,woman,20,self_bad,high,3,2,3,3,4,2,7,6,6,4,6,8,4
118,woman,21,self_bad,high,4,3,5,6,3,4,5,3,4,3,4,6,4
119,woman,21,self_bad,high,2,1,7,3,4,4,4,2,3,7,4,7,4
120,woman,20,self_bad,high,7,4,3,5,4,3,3,4,5,6,3,5,5
121,woman,21,self_bad,medium,3,2,3,3,3,4,5,4,5,5,4,5,4
122,woman,22,self_bad,medium,3,4,4,1,6,5,2,2,6,5,6,6,4
123,woman,18,self_bad,medium,4,5,4,4,4,3,5,4,3,3,3,4,5
124,woman,21,self_bad,medium,4,4,5,3,3,5,4,3,4,4,3,3,5
125,woman,19,self_bad,medium,5,5,4,4,4,4,4,1,3,5,4,3,3
126,woman,21,self_bad,medium,2,3,5,4,4,2,4,3,4,4,5,4,3
127,woman,20,self_bad,medium,4,4,3,5,4,4,3,2,5,3,3,3,4
128,woman,18,self_bad,medium,3,5,5,3,4,4,3,3,5,5,3,4,4
129,woman,20,self_bad,medium,2,4,3,4,4,4,4,4,3,6,4,4,4
130,woman,19,self_bad,medium,7,4,2,3,6,3,3,5,5,3,5,6,4
131,woman,18,self_bad,medium,3,3,6,6,5,4,3,6,3,3,4,4,4
132,woman,19,self_bad,medium,3,5,5,4,4,4,5,5,4,2,3,3,4
133,woman,18,self_bad,medium,5,3,3,3,4,2,7,4,4,4,5,5,4
134,woman,20,self_bad,medium,3,3,4,4,4,3,3,2,4,6,6,6,3
135,woman,19,self_bad,medium,5,5,3,3,2,4,6,7,5,6,5,6,3
136,woman,21,self_bad,medium,6,7,3,3,5,1,1,5,6,4,5,4,3
137,woman,19,self_bad,medium,4,3,5,2,4,3,3,3,4,3,4,4,4
138,woman,20,self_bad,medium,3,5,5,6,6,5,5,2,4,3,4,4,3
139,woman,22,self_bad,medium,4,5,5,6,4,4,4,3,4,2,4,4,3
140,woman,21,self_bad,medium,3,3,6,3,5,3,4,2,6,4,5,6,4
141,woman,18,self_bad,medium,4,3,4,2,5,6,4,3,5,2,4,4,4
142,woman,19,self_bad,medium,3,6,4,2,4,4,1,5,6,3,3,3,3
143,woman,19,self_bad,medium,1,3,4,4,5,5,3,4,3,2,5,6,3
144,woman,21,self_bad,medium,5,4,6,5,6,1,4,3,4,5,4,4,3
145,woman,21,self_bad,medium,4,2,5,5,4,3,2,3,4,4,4,5,4
146,woman,20,self_bad,medium,3,4,4,3,2,3,3,4,5,5,5,5,3
147,woman,19,self_bad,medium,2,4,3,2,5,5,5,3,6,2,4,5,6
148,woman,21,self_bad,medium,3,5,4,3,3,4,4,3,6,3,5,5,3
149,woman,18,self_bad,medium,4,4,4,4,3,4,3,4,4,3,6,6,3
150,woman,22,self_bad,medium,2,6,4,3,3,4,3,6,6,7,6,6,4
151,woman,21,self_bad,low,1,4,3,1,3,4,4,6,6,4,4,2,3
152,woman,20,self_bad,low,3,5,3,4,5,4,3,6,4,3,4,3,4
153,woman,21,self_bad,low,5,3,5,6,4,4,2,6,4,1,4,2,3
154,woman,21,self_bad,low,5,6,4,3,3,2,3,3,5,6,3,2,3
155,woman,18,self_bad,low,4,3,4,5,3,3,4,6,3,2,4,3,2
156,woman,20,self_bad,low,4,5,5,4,3,5,3,4,3,4,5,4,2
157,woman,20,self_bad,low,5,4,3,2,4,4,4,5,5,4,3,1,3
158,woman,20,self_bad,low,3,4,4,6,3,4,5,3,4,5,5,4,2
159,woman,20,self_bad,low,4,3,5,3,4,4,4,4,5,3,4,4,3
160,woman,22,self_bad,low,4,2,5,3,4,1,6,3,5,3,3,2,4
161,woman,20,self_bad,low,3,5,3,3,4,4,3,4,4,3,3,2,3
162,woman,20,self_bad,low,2,4,4,4,4,6,5,3,5,3,3,2,3
163,woman,18,self_bad,low,5,2,5,3,3,2,4,3,5,5,4,3,3
164,woman,20,self_bad,low,3,7,4,6,3,4,1,6,1,5,3,0,2
165,woman,20,self_bad,low,1,5,4,3,6,5,3,4,6,2,2,1,3
166,woman,20,self_bad,low,3,4,4,6,3,3,4,5,2,7,3,2,3
167,woman,21,self_bad,low,2,5,4,2,5,6,4,4,5,4,3,2,2
168,woman,19,self_bad,low,5,3,5,5,5,4,4,4,2,3,2,2,3
169,woman,19,self_bad,low,2,3,4,3,5,5,3,6,5,3,3,1,3
170,woman,21,self_bad,low,3,5,4,2,5,5,4,2,7,2,3,2,2
171,woman,19,self_bad,low,5,5,3,5,6,3,3,6,4,1,4,2,2
172,woman,20,self_bad,low,4,3,4,5,4,2,4,4,5,6,4,3,3
173,woman,20,self_bad,low,5,3,7,3,4,2,3,3,5,4,4,2,2
174,woman,20,self_bad,low,4,4,6,3,5,3,4,5,4,4,5,4,3
175,woman,20,self_bad,low,6,6,4,4,6,2,3,4,4,4,4,3,3
176,woman,20,self_bad,low,3,4,3,3,3,5,5,5,5,4,5,3,3
177,woman,20,self_bad,low,2,4,5,2,4,5,3,4,4,3,6,5,2
178,woman,20,self_bad,low,3,5,2,3,3,6,4,6,4,5,3,2,3
179,woman,18,self_bad,low,4,2,4,2,5,3,6,5,7,3,6,6,3
180,woman,22,self_bad,low,5,1,3,5,5,4,4,6,5,1,4,3,3
181,woman,19,partner_good,high,4,3,6,3,5,3,6,1,4,2,4,7,6
182,woman,21,partner_good,high,5,4,3,2,5,4,5,3,7,6,5,9,5
183,woman,18,partner_good,high,7,4,3,4,6,2,2,3,4,3,5,6,4
184,woman,20,partner_good,high,3,5,4,4,3,3,5,3,5,4,4,6,5
185,woman,19,partner_good,high,2,3,2,5,3,3,4,3,4,4,4,7,4
186,woman,20,partner_good,high,4,3,2,3,4,2,5,4,6,4,5,8,5
187,woman,20,partner_good,high,3,4,6,4,5,5,4,3,4,3,3,5,4
188,woman,18,partner_good,high,4,4,5,4,4,4,4,3,5,1,4,5,5
189,woman,19,partner_good,high,5,4,4,5,3,2,3,4,5,5,3,5,5
190,woman,21,partner_good,high,4,4,5,3,3,3,5,3,4,5,5,8,6
191,woman,22,partner_good,high,5,3,3,3,6,2,3,4,6,3,5,7,6
192,woman,20,partner_good,high,3,5,3,5,4,5,4,6,3,3,3,5,5
193,woman,19,partner_good,high,4,4,6,3,3,1,3,2,5,4,2,4,5
194,woman,18,partner_good,high,3,3,3,4,3,5,4,7,6,5,5,7,4
195,woman,19,partner_good,high,3,4,7,5,4,4,2,3,4,4,4,6,4
196,woman,21,partner_good,high,2,3,5,4,5,5,4,4,3,4,2,5,5
197,woman,20,partner_good,high,5,3,4,3,6,4,5,3,5,3,4,6,5
198,woman,20,partner_good,high,3,3,4,2,4,2,5,5,5,3,4,7,5
199,woman,20,partner_good,high,4,5,5,4,6,2,1,5,4,4,3,5,4
200,woman,20,partner_good,high,2,4,4,5,3,5,6,4,3,5,3,6,5
201,woman,21,partner_good,high,6,4,4,5,5,6,4,2,5,5,5,6,6
202,woman,21,partner_good,high,3,3,5,4,5,5,4,3,4,1,5,7,4
203,woman,20,partner_good,high,6,4,4,3,5,2,4,3,4,2,4,6,4
204,woman,21,partner_good,high,3,3,6,3,4,4,4,6,4,4,3,6,5
205,woman,22,partner_good,high,5,4,6,5,5,5,6,4,6,2,5,7,4
206,woman,21,partner_good,high,5,4,2,7,3,3,2,4,3,5,5,7,5
207,woman,19,partner_good,high,4,6,4,3,4,4,2,5,4,4,3,4,3
208,woman,20,partner_good,high,4,4,4,7,4,4,4,3,4,5,6,9,6
209,woman,19,partner_good,high,2,4,5,5,2,4,4,3,5,4,4,6,4
210,woman,21,partner_good,high,4,6,5,4,3,3,4,4,5,5,4,7,5
211,woman,18,partner_good,medium,4,4,5,3,3,4,3,4,5,4,5,6,4
212,woman,20,partner_good,medium,4,6,6,3,4,3,3,3,6,5,4,4,4
213,woman,21,partner_good,medium,2,4,4,5,4,5,3,4,6,3,4,5,4
214,woman,20,partner_good,medium,6,3,5,4,4,4,4,3,5,3,6,6,4
215,woman,19,partner_good,medium,3,3,4,5,4,3,4,5,4,5,4,5,5
216,woman,20,partner_good,medium,3,2,6,6,4,4,5,3,1,5,2,3,4
217,woman,20,partner_good,medium,5,5,4,4,3,4,4,5,5,7,1,1,4
218,woman,19,partner_good,medium,3,3,5,4,4,4,4,4,3,4,4,6,5
219,woman,20,partner_good,medium,3,4,6,3,1,5,5,3,5,6,2,4,5
220,woman,19,partner_good,medium,3,5,3,3,3,4,4,6,6,4,4,6,4
221,woman,20,partner_good,medium,3,2,3,4,6,4,4,4,5,2,4,5,5
222,woman,22,partner_good,medium,2,3,6,3,4,2,4,5,5,3,2,3,-99
223,woman,20,partner_good,medium,4,4,4,6,4,2,4,5,3,2,3,3,4
224,woman,19,partner_good,medium,4,5,6,6,2,4,3,5,3,5,4,6,4
225,woman,20,partner_good,medium,5,4,3,4,4,3,4,2,4,5,4,4,4
226,woman,21,partner_good,medium,5,2,3,4,4,3,4,3,4,4,5,6,5
227,woman,19,partner_good,medium,1,3,6,4,5,5,3,4,5,5,4,5,4
228,woman,21,partner_good,medium,5,5,6,5,3,3,3,2,3,7,4,6,4
229,woman,20,partner_good,medium,2,3,5,5,4,4,4,3,5,4,4,5,4
230,woman,19,partner_good,medium,6,4,4,3,5,3,4,4,5,4,4,6,4
231,woman,20,partner_good,medium,4,6,3,4,4,4,5,2,5,4,4,5,-99
232,woman,21,partner_good,medium,5,3,5,5,5,3,5,4,5,3,4,5,4
233,woman,20,partner_good,medium,3,2,6,5,4,5,6,3,5,3,3,5,6
234,woman,21,partner_good,medium,1,4,4,2,3,6,4,6,4,5,4,6,5
235,woman,19,partner_good,medium,3,6,4,3,3,3,4,4,6,3,4,4,4
236,woman,19,partner_good,medium,3,2,3,5,3,5,1,5,5,6,4,5,5
237,woman,20,partner_good,medium,3,2,3,2,5,3,5,3,5,2,2,3,4
238,woman,21,partner_good,medium,6,2,3,4,4,2,4,6,5,2,4,6,5
239,woman,20,partner_good,medium,4,5,3,4,5,1,4,4,3,3,4,5,5
240,woman,21,partner_good,medium,3,5,5,3,4,4,4,5,2,4,3,3,3
241,woman,20,partner_good,low,3,5,4,5,5,2,4,2,3,2,4,4,4
242,woman,20,partner_good,low,3,4,2,3,4,4,3,5,4,4,3,3,3
243,woman,21,partner_good,low,6,5,3,5,5,3,4,3,5,2,2,1,4
244,woman,20,partner_good,low,1,6,3,5,4,5,2,4,4,5,6,5,2
245,woman,21,partner_good,low,6,4,6,5,5,5,2,2,3,1,2,1,2
246,woman,19,partner_good,low,2,3,4,6,5,3,4,2,3,4,4,4,4
247,woman,18,partner_good,low,4,3,5,1,5,4,2,4,6,1,3,3,3
248,woman,20,partner_good,low,3,4,7,2,5,4,6,2,3,3,4,4,4
249,woman,20,partner_good,low,4,5,4,4,4,3,4,4,4,3,3,3,3
250,woman,21,partner_good,low,4,5,5,6,4,5,2,4,4,3,4,4,4
251,woman,20,partner_good,low,3,3,4,4,3,4,5,4,5,6,4,5,3
252,woman,21,partner_good,low,4,3,5,3,4,3,4,4,5,4,4,4,3
253,woman,20,partner_good,low,4,6,2,3,5,2,3,6,5,4,5,4,2
254,woman,19,partner_good,low,2,4,6,4,3,4,3,3,5,7,4,2,3
255,woman,19,partner_good,low,3,3,3,3,4,4,4,5,5,4,3,3,3
256,woman,20,partner_good,low,5,6,6,3,5,3,2,2,5,4,4,4,3
257,woman,20,partner_good,low,6,4,4,4,4,2,4,3,4,1,5,5,4
258,woman,20,partner_good,low,5,3,4,5,5,2,5,4,2,4,5,4,2
259,woman,21,partner_good,low,6,4,5,3,5,4,2,2,4,1,4,3,3
260,woman,22,partner_good,low,4,3,5,5,4,6,6,5,3,4,4,5,3
261,woman,19,partner_good,low,3,5,3,2,5,4,3,5,4,4,4,4,4
262,woman,22,partner_good,low,3,4,2,4,5,5,4,5,3,4,3,3,3
263,woman,19,partner_good,low,4,6,3,4,6,3,3,4,5,4,3,2,3
264,woman,21,partner_good,low,4,2,2,3,5,5,5,5,6,4,4,3,3
265,woman,21,partner_good,low,6,4,4,2,5,3,2,4,6,4,4,3,4
266,woman,20,partner_good,low,4,4,4,1,3,4,4,4,5,7,3,3,4
267,woman,21,partner_good,low,5,3,5,4,4,4,6,5,4,2,4,5,3
268,woman,21,partner_good,low,3,5,3,4,2,4,2,5,4,7,4,3,5
269,woman,21,partner_good,low,2,6,4,4,4,6,1,2,4,2,3,3,4
270,woman,21,partner_good,low,4,2,4,3,2,4,5,2,5,6,4,5,4
271,woman,20,partner_bad,high,5,2,5,6,4,3,5,3,4,4,4,2,5
272,woman,19,partner_bad,high,5,4,5,4,3,4,3,4,3,6,2,0,3
273,woman,19,partner_bad,high,2,5,2,2,4,5,5,7,4,3,6,4,4
274,woman,19,partner_bad,high,1,7,5,4,5,4,2,2,3,3,4,1,3
275,woman,19,partner_bad,high,1,5,3,5,5,5,3,4,2,3,5,3,5
276,woman,19,partner_bad,high,3,5,4,4,3,4,3,3,4,5,4,1,3
277,woman,21,partner_bad,high,1,6,5,1,5,6,2,4,6,4,3,0,2
278,woman,21,partner_bad,high,5,5,4,2,4,3,3,4,4,1,4,2,2
279,woman,21,partner_bad,high,4,3,5,3,3,4,6,4,4,5,4,2,5
280,woman,20,partner_bad,high,7,3,3,4,4,2,3,6,6,5,6,4,4
281,woman,19,partner_bad,high,6,4,3,5,4,3,2,5,3,3,4,1,2
282,woman,20,partner_bad,high,3,6,5,2,4,3,3,2,6,4,3,1,3
283,woman,20,partner_bad,high,3,4,3,4,4,4,5,5,5,5,3,1,4
284,woman,21,partner_bad,high,5,7,4,4,5,4,3,5,5,5,4,1,4
285,woman,20,partner_bad,high,4,3,5,5,4,4,6,2,4,3,5,4,3
286,woman,21,partner_bad,high,4,3,5,2,4,1,2,3,7,5,6,3,3
287,woman,20,partner_bad,high,5,2,3,3,4,2,5,3,6,5,5,3,4
288,woman,20,partner_bad,high,1,6,3,6,3,4,2,4,2,2,4,2,3
289,woman,18,partner_bad,high,4,3,4,4,6,3,4,4,5,3,3,1,5
290,woman,20,partner_bad,high,5,2,3,3,3,3,5,5,6,5,5,4,4
291,woman,20,partner_bad,high,3,4,4,4,5,4,2,2,6,6,4,2,4
292,woman,21,partner_bad,high,3,4,3,5,3,3,3,3,5,4,3,1,4
293,woman,18,partner_bad,high,1,4,4,5,3,5,4,4,5,4,4,2,4
294,woman,22,partner_bad,high,5,3,4,3,3,3,4,4,5,6,4,1,4
295,woman,21,partner_bad,high,2,1,4,5,3,6,4,5,3,4,5,4,4
296,woman,19,partner_bad,high,4,2,6,4,5,5,7,5,5,3,4,2,3
297,woman,20,partner_bad,high,4,4,4,4,5,5,2,4,5,4,4,3,3
298,woman,19,partner_bad,high,3,4,5,5,3,4,5,4,5,5,4,2,3
299,woman,18,partner_bad,high,6,4,4,4,5,3,3,2,4,4,4,2,4
300,woman,20,partner_bad,high,6,3,7,4,4,2,2,3,4,4,4,2,4
301,woman,20,partner_bad,medium,1,4,5,5,4,4,2,1,5,5,4,1,3
302,woman,21,partner_bad,medium,4,4,4,3,6,2,5,4,4,1,4,1,3
303,woman,20,partner_bad,medium,6,1,4,5,4,2,3,2,3,6,5,2,5
304,woman,21,partner_bad,medium,2,3,5,5,5,4,6,5,3,4,3,1,3
305,woman,20,partner_bad,medium,4,5,5,6,4,2,3,3,4,4,6,2,2
306,woman,20,partner_bad,medium,5,6,4,4,6,3,2,3,4,2,5,2,4
307,woman,19,partner_bad,medium,4,5,6,3,5,3,2,2,5,3,5,2,3
308,woman,22,partner_bad,medium,5,5,3,3,5,5,2,6,4,5,4,0,2
309,woman,19,partner_bad,medium,4,1,3,5,5,4,3,6,5,5,3,0,2
310,woman,21,partner_bad,medium,3,4,4,5,5,4,3,3,5,2,5,1,1
311,woman,22,partner_bad,medium,1,3,4,4,5,3,4,4,4,2,2,0,3
312,woman,21,partner_bad,medium,4,5,4,3,2,4,2,4,5,4,3,0,3
313,woman,19,partner_bad,medium,2,3,4,2,3,5,5,4,6,3,3,0,4
314,woman,19,partner_bad,medium,3,3,4,4,4,3,5,4,4,3,3,0,3
315,woman,21,partner_bad,medium,6,3,5,5,3,2,4,3,4,2,4,1,4
316,woman,19,partner_bad,medium,5,4,2,4,3,4,4,4,4,5,6,3,4
317,woman,20,partner_bad,medium,3,5,4,3,4,5,2,5,5,7,4,0,2
318,woman,21,partner_bad,medium,3,5,4,3,4,4,4,4,5,3,4,1,3
319,woman,20,partner_bad,medium,3,4,6,3,5,4,5,4,4,6,4,1,4
320,woman,21,partner_bad,medium,6,5,4,4,6,3,3,5,5,3,4,0,2
321,woman,20,partner_bad,medium,4,4,2,1,5,5,5,6,5,5,5,3,1
322,woman,21,partner_bad,medium,4,2,3,3,6,2,4,3,5,4,3,0,4
323,woman,20,partner_bad,medium,6,5,6,5,3,1,4,3,5,6,3,0,3
324,woman,19,partner_bad,medium,2,6,4,4,3,4,1,4,3,5,5,1,2
325,woman,20,partner_bad,medium,5,5,5,1,4,4,5,6,5,5,4,1,2
326,woman,20,partner_bad,medium,3,2,4,6,6,4,6,3,3,3,4,2,3
327,woman,20,partner_bad,medium,5,3,4,2,5,1,3,2,6,2,4,1,3
328,woman,20,partner_bad,medium,5,4,5,4,4,2,4,3,5,5,5,3,3
329,woman,20,partner_bad,medium,5,2,5,6,3,2,5,5,3,3,3,0,3
330,woman,20,partner_bad,medium,2,4,3,5,5,4,3,3,5,4,5,2,3
331,woman,21,partner_bad,low,3,2,3,3,4,4,7,3,5,4,3,1,3
332,woman,20,partner_bad,low,4,1,6,5,4,4,4,3,5,5,2,0,4
333,woman,20,partner_bad,low,3,5,4,3,4,4,4,4,6,5,4,1,2
334,woman,20,partner_bad,low,3,3,5,5,4,3,3,3,3,6,5,2,2
335,woman,18,partner_bad,low,3,3,4,4,5,4,5,4,6,3,3,0,3
336,woman,22,partner_bad,low,4,4,2,5,2,4,4,6,3,5,5,0,2
337,woman,21,partner_bad,low,3,2,3,2,3,4,6,4,4,7,5,2,3
338,woman,20,partner_bad,low,2,3,4,5,3,6,2,6,5,2,5,0,2
339,woman,21,partner_bad,low,3,5,3,5,4,3,3,2,4,4,4,1,2
340,woman,21,partner_bad,low,6,3,3,5,5,3,5,3,4,3,3,0,2
341,woman,18,partner_bad,low,3,4,5,3,3,3,4,4,3,4,3,0,2
342,woman,20,partner_bad,low,5,3,4,2,4,1,5,4,5,2,3,0,4
343,woman,20,partner_bad,low,6,3,3,5,3,3,3,4,5,3,4,0,2
344,woman,19,partner_bad,low,5,3,5,5,5,3,1,2,3,1,4,0,1
345,woman,18,partner_bad,low,4,6,5,3,4,3,4,4,6,6,5,2,3
346,woman,20,partner_bad,low,4,5,4,4,4,3,5,3,4,3,3,0,3
347,woman,20,partner_bad,low,1,4,4,3,4,4,5,4,5,5,5,1,2
348,woman,21,partner_bad,low,4,2,3,3,2,3,6,4,3,6,5,3,3
349,woman,20,partner_bad,low,6,4,5,7,4,4,4,2,4,6,3,0,2
350,woman,20,partner_bad,low,4,2,2,4,5,4,4,5,4,5,4,0,1
351,woman,20,partner_bad,low,5,6,4,4,4,5,6,3,4,4,3,0,2
352,woman,20,partner_bad,low,4,3,6,4,3,3,4,5,3,5,4,0,2
353,woman,19,partner_bad,low,6,6,7,6,4,5,2,2,4,6,3,0,1
354,woman,20,partner_bad,low,3,4,3,5,2,5,3,4,4,4,5,1,2
355,woman,18,partner_bad,low,3,5,4,5,4,4,4,4,4,5,5,1,2
356,woman,19,partner_bad,low,5,5,2,4,3,4,3,7,5,4,5,2,3
357,woman,21,partner_bad,low,2,1,7,3,5,4,4,1,3,4,3,0,2
358,woman,20,partner_bad,low,5,5,6,3,5,1,4,2,6,2,4,0,2
359,woman,20,partner_bad,low,2,3,3,3,5,3,4,6,3,3,4,0,2
360,woman,18,partner_bad,low,3,3,4,3,4,4,3,3,7,5,3,0,2
361,man,19,self_good,high,2,5,4,3,4,4,4,4,4,3,3,7,6
362,man,20,self_good,high,1,3,1,5,3,6,4,7,4,1,5,9,5
363,man,20,self_good,high,5,4,5,5,4,3,5,2,4,3,2,6,7
364,man,20,self_good,high,3,1,5,4,6,4,4,4,4,2,5,9,5
365,man,20,self_good,high,3,6,3,4,3,3,5,5,6,4,3,7,6
366,man,19,self_good,high,4,3,5,4,4,3,5,4,5,3,4,8,5
367,man,20,self_good,high,3,3,4,4,4,4,6,4,5,2,4,9,7
368,man,19,self_good,high,2,4,6,4,3,4,2,3,3,4,5,8,6
369,man,19,self_good,high,5,5,6,5,6,3,3,3,5,1,4,8,6
370,man,20,self_good,high,4,4,5,4,5,3,3,1,3,2,4,8,5
371,man,21,self_good,high,3,4,2,5,5,5,5,7,5,3,4,8,6
372,man,21,self_good,high,3,2,6,7,3,3,3,5,3,4,4,8,6
373,man,20,self_good,high,4,4,6,2,3,2,3,3,5,4,6,10,5
374,man,21,self_good,high,5,3,3,6,6,4,4,4,2,2,5,8,5
375,man,20,self_good,high,2,3,5,4,5,5,3,4,4,3,3,7,6
376,man,18,self_good,high,3,4,4,3,5,4,6,3,5,3,3,8,6
377,man,19,self_good,high,4,3,4,3,2,4,6,2,4,5,3,7,5
378,man,20,self_good,high,2,4,7,5,6,3,6,1,5,4,4,10,6
379,man,21,self_good,high,4,6,5,4,4,5,4,2,5,4,4,8,5
380,man,21,self_good,high,3,5,4,2,3,5,4,2,5,7,4,9,7
381,man,18,self_good,high,2,3,5,3,5,6,7,4,5,4,3,8,6
382,man,21,self_good,high,3,5,3,3,6,5,3,3,3,2,3,7,6
383,man,20,self_good,high,4,4,1,5,3,7,2,7,4,4,2,6,7
384,man,20,self_good,high,5,5,4,4,4,4,5,2,4,6,3,6,6
385,man,20,self_good,high,5,3,4,5,5,4,5,3,4,3,3,7,6
386,man,21,self_good,high,6,4,4,4,4,3,3,2,6,3,4,7,7
387,man,21,self_good,high,3,5,6,6,4,5,1,2,2,5,4,7,6
388,man,21,self_good,high,5,5,4,4,4,2,3,3,5,5,5,9,6
389,man,19,self_good,high,4,2,3,2,5,3,3,3,4,3,2,6,6
390,man,21,self_good,high,4,5,4,4,5,4,4,4,5,2,4,9,6
391,man,19,self_good,medium,4,6,5,3,3,6,3,3,6,3,5,8,5
392,man,22,self_good,medium,3,7,5,3,6,3,3,3,5,4,5,8,5
393,man,20,self_good,medium,5,4,3,2,3,3,1,4,5,4,5,7,5
394,man,21,self_good,medium,4,5,3,3,4,3,4,1,3,6,4,6,4
395,man,20,self_good,medium,6,5,5,1,2,3,6,2,6,4,3,6,5
396,man,22,self_good,medium,4,4,7,5,5,4,2,4,3,2,3,6,5
397,man,20,self_good,medium,1,6,5,4,5,5,2,3,5,3,4,6,5
398,man,19,self_good,medium,1,4,3,3,4,5,3,2,6,2,3,6,6
399,man,21,self_good,medium,4,5,6,5,4,5,4,5,4,6,7,10,5
400,man,20,self_good,medium,4,3,4,2,3,5,3,4,6,5,5,8,6
401,man,19,self_good,medium,4,4,4,1,6,2,2,4,5,3,3,5,5
402,man,21,self_good,medium,2,3,3,4,5,4,3,5,6,3,4,7,5
403,man,19,self_good,medium,2,4,5,2,3,5,3,4,5,5,5,8,6
404,man,20,self_good,medium,4,2,3,3,5,4,6,4,5,1,2,5,6
405,man,20,self_good,medium,5,3,7,4,6,1,5,4,3,1,2,5,6
406,man,21,self_good,medium,5,1,4,6,3,5,5,5,4,7,5,9,6
407,man,20,self_good,medium,2,4,7,2,5,4,2,1,3,3,4,7,5
408,man,18,self_good,medium,3,5,3,4,4,4,2,4,3,5,4,7,4
409,man,19,self_good,medium,3,3,4,4,4,5,5,4,3,4,4,8,6
410,man,22,self_good,medium,1,2,4,2,4,4,4,4,5,5,3,5,6
411,man,18,self_good,medium,3,3,5,5,5,4,5,3,3,2,4,8,5
412,man,22,self_good,medium,2,2,4,3,5,5,6,1,5,2,4,7,6
413,man,20,self_good,medium,4,4,4,2,3,4,3,6,5,4,2,4,5
414,man,19,self_good,medium,2,6,3,5,5,4,2,4,4,3,4,7,4
415,man,21,self_good,medium,2,6,4,3,3,3,2,5,5,4,4,7,5
416,man,20,self_good,medium,6,5,6,3,4,3,3,2,3,3,4,7,5
417,man,21,self_good,medium,7,5,4,1,4,1,6,5,7,4,4,7,5
418,man,19,self_good,medium,4,3,6,6,4,5,4,3,3,4,6,10,5
419,man,20,self_good,medium,5,6,5,6,6,2,3,4,3,3,4,6,5
420,man,21,self_good,medium,5,6,3,3,6,3,3,4,6,2,5,8,5
421,man,19,self_good,low,4,5,3,3,4,4,2,4,2,3,4,6,4
422,man,20,self_good,low,5,2,6,4,4,4,6,1,4,7,4,7,6
423,man,19,self_good,low,1,5,5,4,2,5,4,3,4,7,4,6,4
424,man,20,self_good,low,1,5,6,3,4,5,3,1,4,2,4,6,5
425,man,20,self_good,low,4,4,3,5,5,3,5,5,4,3,5,8,5
426,man,19,self_good,low,4,3,3,5,5,4,6,4,6,1,4,6,5
427,man,19,self_good,low,4,3,4,5,5,4,4,4,3,4,4,6,4
428,man,20,self_good,low,1,2,5,2,4,5,5,4,6,3,4,6,6
429,man,21,self_good,low,3,6,5,4,4,2,1,4,5,4,3,4,5
430,man,22,self_good,low,2,2,4,3,4,5,5,3,4,3,5,7,5
431,man,20,self_good,low,2,4,5,1,3,4,2,3,5,5,2,5,5
432,man,21,self_good,low,5,3,4,4,4,4,4,4,6,3,2,4,5
433,man,19,self_good,low,5,3,4,3,5,2,2,5,5,1,4,5,4
434,man,22,self_good,low,5,7,5,4,3,2,3,4,5,5,3,4,5
435,man,19,self_good,low,3,5,6,4,3,5,4,1,4,4,3,6,6
436,man,20,self_good,low,3,2,4,4,3,4,5,2,6,4,2,5,6
437,man,19,self_good,low,2,4,4,4,4,5,3,4,4,6,6,8,4
438,man,20,self_good,low,3,3,4,4,4,4,4,5,3,5,4,6,5
439,man,20,self_good,low,6,4,6,6,5,4,4,2,2,2,4,6,5
440,man,20,self_good,low,4,5,4,3,5,2,4,4,5,3,5,6,4
441,man,20,self_good,low,2,4,5,6,4,5,3,2,2,5,3,5,3
442,man,19,self_good,low,5,4,5,3,3,5,5,3,6,3,5,7,5
443,man,19,self_good,low,2,5,4,2,6,4,2,5,6,1,6,8,5
444,man,20,self_good,low,4,3,5,5,3,4,6,3,4,4,4,7,5
445,man,20,self_good,low,4,5,5,4,4,4,4,4,4,3,4,6,4
446,man,21,self_good,low,5,6,2,5,4,2,5,7,4,2,4,6,4
447,man,20,self_good,low,4,5,2,4,7,3,3,4,3,1,4,5,3
448,man,19,self_good,low,4,2,6,2,3,4,4,3,4,5,5,7,5
449,man,20,self_good,low,2,6,4,4,3,4,1,4,6,4,4,5,5
450,man,22,self_good,low,2,4,5,4,6,6,2,4,5,5,4,5,4
451,man,20,self_bad,high,6,5,3,4,3,1,4,5,6,3,3,5,3
452,man,20,self_bad,high,1,3,7,3,4,5,5,3,5,4,4,6,4
453,man,19,self_bad,high,1,5,1,6,5,6,5,4,3,2,4,5,5
454,man,20,self_bad,high,3,4,6,3,3,4,3,2,4,3,3,4,4
455,man,20,self_bad,high,4,1,4,3,4,5,5,4,5,4,4,6,6
456,man,20,self_bad,high,3,5,5,4,5,5,4,2,2,1,4,6,5
457,man,20,self_bad,high,5,3,4,4,4,5,7,5,3,5,3,5,5
458,man,20,self_bad,high,3,4,5,5,1,4,4,7,3,6,4,5,4
459,man,20,self_bad,high,3,3,3,3,3,5,3,5,4,4,3,3,4
460,man,21,self_bad,high,4,4,4,2,3,4,3,4,5,5,5,6,4
461,man,21,self_bad,high,4,6,5,3,2,3,1,3,5,4,5,6,5
462,man,20,self_bad,high,4,5,6,3,4,2,1,2,5,2,4,4,4
463,man,19,self_bad,high,4,5,4,2,4,3,2,3,6,4,5,5,4
464,man,19,self_bad,high,4,5,5,5,5,4,2,5,4,3,4,5,3
465,man,20,self_bad,high,5,5,4,3,3,3,4,4,4,3,2,4,6
466,man,19,self_bad,high,5,3,4,3,4,3,6,3,6,4,4,5,4
467,man,21,self_bad,high,4,3,4,5,4,2,3,3,4,4,4,6,4
468,man,20,self_bad,high,4,4,4,3,4,3,4,4,5,3,1,2,5
469,man,22,self_bad,high,4,5,2,4,5,4,3,5,4,2,5,6,4
470,man,19,self_bad,high,3,2,4,3,5,4,5,6,6,4,5,7,3
471,man,21,self_bad,high,3,3,3,4,4,5,5,3,3,3,5,6,4
472,man,20,self_bad,high,3,1,5,4,4,3,5,3,5,3,5,6,4
473,man,19,self_bad,high,4,4,6,4,4,4,4,4,5,5,4,4,3
474,man,18,self_bad,high,4,3,4,4,5,5,4,5,5,1,5,7,5
475,man,20,self_bad,high,3,5,5,7,5,5,4,3,3,3,4,5,4
476,man,19,self_bad,high,5,2,4,3,1,1,3,5,5,6,3,4,5
477,man,19,self_bad,high,3,7,4,3,6,2,2,3,4,2,5,6,3
478,man,20,self_bad,high,4,5,4,3,5,3,4,5,5,3,3,4,4
479,man,20,self_bad,high,5,3,6,5,4,2,4,2,5,4,4,5,3
480,man,21,self_bad,high,2,5,4,4,5,6,2,4,4,2,4,5,3
481,man,20,self_bad,medium,5,4,4,3,4,4,3,4,6,5,4,4,3
482,man,19,self_bad,medium,2,2,5,3,4,4,4,4,5,3,4,3,4
483,man,20,self_bad,medium,5,4,3,2,4,3,2,4,4,5,4,4,4
484,man,19,self_bad,medium,1,4,2,5,4,4,2,4,3,4,4,4,4
485,man,20,self_bad,medium,5,4,3,6,5,3,4,2,3,2,4,5,4
486,man,21,self_bad,medium,6,4,5,3,4,3,3,3,3,5,5,5,4
487,man,21,self_bad,medium,2,4,6,3,4,5,6,3,5,3,5,5,3
488,man,19,self_bad,medium,4,2,2,5,1,2,4,5,3,7,4,3,4
489,man,19,self_bad,medium,5,5,5,3,3,3,3,4,4,6,5,4,3
490,man,20,self_bad,medium,1,4,5,2,4,5,3,5,6,2,4,4,3
491,man,21,self_bad,medium,4,3,7,3,2,2,4,3,5,2,4,3,4
492,man,19,self_bad,medium,3,3,4,6,5,3,1,3,4,4,4,5,3
493,man,21,self_bad,medium,2,5,6,3,4,5,3,4,5,4,4,4,4
494,man,19,self_bad,medium,2,5,4,6,4,5,5,3,2,4,5,5,4
495,man,22,self_bad,medium,2,4,7,2,2,2,5,1,4,4,4,3,4
496,man,20,self_bad,medium,7,6,5,4,4,3,2,5,3,3,4,3,4
497,man,19,self_bad,medium,3,4,6,3,3,4,5,2,4,4,4,5,4
498,man,21,self_bad,medium,4,2,3,4,6,4,4,5,5,2,4,4,4
499,man,19,self_bad,medium,3,6,4,5,5,5,2,5,4,4,6,5,4
500,man,20,self_bad,medium,3,5,3,4,4,4,2,5,4,3,5,5,2
501,man,20,self_bad,medium,6,3,5,6,4,2,4,3,3,3,3,4,3
502,man,21,self_bad,medium,4,6,4,2,5,4,4,3,5,5,4,4,3
503,man,22,self_bad,medium,3,5,5,3,3,5,3,2,4,6,5,5,4
504,man,20,self_bad,medium,5,6,4,4,5,4,4,4,4,4,7,7,3
505,man,22,self_bad,medium,2,3,3,4,6,5,5,6,4,2,5,5,5
506,man,19,self_bad,medium,4,3,7,4,4,3,5,1,3,2,5,5,4
507,man,20,self_bad,medium,2,5,4,3,5,2,5,6,5,4,2,2,4
508,man,21,self_bad,medium,6,3,7,3,3,4,3,2,6,6,4,4,3
509,man,20,self_bad,medium,5,3,4,2,3,4,4,3,5,2,6,6,4
510,man,18,self_bad,medium,5,2,4,3,4,4,6,5,7,6,5,5,3
511,man,20,self_bad,low,3,1,7,2,5,4,5,1,4,2,5,5,3
512,man,21,self_bad,low,3,3,6,3,4,5,4,3,6,5,4,3,3
513,man,20,self_bad,low,3,4,4,4,4,4,3,4,4,5,4,3,-99
514,man,21,self_bad,low,3,5,3,5,4,4,4,3,5,5,3,3,2
515,man,20,self_bad,low,4,2,3,2,3,4,5,5,4,7,5,4,4
516,man,19,self_bad,low,2,5,5,7,3,5,4,1,1,5,5,4,2
517,man,20,self_bad,low,5,2,6,4,5,3,6,3,5,4,4,3,3
518,man,18,self_bad,low,4,5,5,5,5,5,5,4,3,1,2,2,-99
519,man,21,self_bad,low,3,3,5,4,3,3,4,3,3,7,2,0,-99
520,man,22,self_bad,low,3,5,6,5,2,4,4,3,4,3,4,2,2
521,man,21,self_bad,low,4,5,5,3,4,3,5,4,4,5,3,2,3
522,man,20,self_bad,low,3,3,6,5,3,4,4,1,4,5,3,3,3
523,man,22,self_bad,low,6,3,7,6,4,2,5,2,5,4,4,4,4
524,man,18,self_bad,low,5,3,5,4,4,1,4,4,4,3,4,3,4
525,man,21,self_bad,low,2,6,3,5,5,5,4,5,2,3,4,2,4
526,man,21,self_bad,low,3,5,4,3,3,4,4,4,5,6,5,3,3
527,man,19,self_bad,low,6,2,3,1,3,5,7,6,6,1,3,3,3
528,man,21,self_bad,low,2,3,4,3,1,4,4,3,4,7,5,4,3
529,man,20,self_bad,low,1,3,4,5,3,4,3,3,3,3,3,1,3
530,man,19,self_bad,low,3,5,4,3,3,5,3,4,5,5,4,3,3
531,man,20,self_bad,low,4,4,4,3,5,4,5,3,6,3,5,4,3
532,man,20,self_bad,low,3,1,4,5,4,3,5,4,5,2,3,3,3
533,man,19,self_bad,low,2,1,5,5,4,4,6,2,5,6,4,4,3
534,man,19,self_bad,low,3,5,5,4,4,4,3,2,3,6,5,3,3
535,man,22,self_bad,low,2,7,3,2,5,5,3,6,6,3,6,6,2
536,man,18,self_bad,low,6,5,4,5,3,1,4,7,4,5,4,3,3
537,man,20,self_bad,low,3,6,4,5,3,6,3,2,4,6,2,1,3
538,man,19,self_bad,low,5,7,2,4,4,3,1,5,4,4,5,2,2
539,man,19,self_bad,low,5,4,5,3,1,2,3,1,5,4,5,3,3
540,man,18,self_bad,low,3,5,3,2,6,3,2,6,4,4,5,5,3
541,man,20,partner_good,high,2,6,3,3,3,4,2,6,4,5,5,6,4
542,man,21,partner_good,high,4,5,3,5,4,5,3,5,3,5,4,5,4
543,man,20,partner_good,high,4,4,5,3,5,5,3,3,5,2,5,6,3
544,man,22,partner_good,high,6,3,5,3,5,3,5,3,4,3,3,5,5
545,man,20,partner_good,high,4,4,7,3,4,4,5,2,5,2,3,6,6
546,man,19,partner_good,high,3,2,5,5,4,5,5,4,4,5,3,5,5
547,man,20,partner_good,high,4,2,3,3,3,2,3,4,5,6,4,6,5
548,man,21,partner_good,high,4,7,3,2,5,4,2,4,6,5,6,6,4
549,man,21,partner_good,high,4,2,6,3,4,1,5,1,5,5,4,7,4
550,man,20,partner_good,high,5,4,3,4,4,3,1,4,2,5,5,7,6
551,man,20,partner_good,high,6,3,5,5,3,3,4,4,4,6,3,5,5
552,man,21,partner_good,high,1,5,5,1,4,5,4,2,5,5,1,3,5
553,man,22,partner_good,high,3,6,5,4,3,4,1,3,3,3,4,4,4
554,man,19,partner_good,high,5,5,5,6,5,2,3,2,3,1,3,4,6
555,man,20,partner_good,high,3,6,5,4,4,3,4,3,4,3,5,6,5
556,man,19,partner_good,high,6,5,4,3,5,3,3,4,3,3,4,5,5
557,man,18,partner_good,high,4,3,4,6,3,5,4,2,3,5,5,7,5
558,man,21,partner_good,high,1,4,3,5,3,2,3,5,5,6,5,7,5
559,man,21,partner_good,high,2,6,4,2,5,4,5,5,4,6,3,4,6
560,man,21,partner_good,high,3,3,4,3,5,3,3,5,5,1,4,5,5
561,man,20,partner_good,high,2,6,3,3,3,4,6,3,5,2,3,5,5
562,man,19,partner_good,high,4,5,5,3,3,4,4,2,5,4,2,4,6
563,man,19,partner_good,high,3,1,4,3,4,4,5,3,3,3,4,7,6
564,man,20,partner_good,high,3,4,5,3,4,5,1,7,4,4,4,6,5
565,man,19,partner_good,high,4,2,4,3,4,3,3,2,5,3,3,6,5
566,man,19,partner_good,high,5,3,4,7,6,3,5,4,3,2,4,6,4
567,man,19,partner_good,high,2,5,5,6,3,4,3,3,4,5,6,8,6
568,man,20,partner_good,high,3,2,5,4,5,3,3,3,5,3,2,5,7
569,man,19,partner_good,high,6,5,6,5,3,3,2,4,4,6,4,6,4
570,man,21,partner_good,high,6,4,4,4,3,1,2,2,5,4,4,7,5
571,man,20,partner_good,medium,3,4,4,4,5,4,4,2,4,5,3,4,3
572,man,18,partner_good,medium,3,5,7,6,4,4,5,1,4,5,3,5,4
573,man,18,partner_good,medium,3,4,3,4,3,4,3,2,6,2,4,5,4
574,man,20,partner_good,medium,4,3,4,5,4,4,6,5,5,3,5,7,4
575,man,19,partner_good,medium,4,4,4,1,5,3,4,4,7,1,3,2,4
576,man,20,partner_good,medium,5,4,5,2,3,4,4,6,5,6,4,7,4
577,man,22,partner_good,medium,3,4,3,4,4,2,4,3,4,5,4,5,4
578,man,20,partner_good,medium,4,3,5,4,3,4,5,4,5,3,5,6,4
579,man,18,partner_good,medium,3,1,6,3,5,3,4,2,5,2,4,5,5
580,man,18,partner_good,medium,5,4,4,2,3,4,5,4,4,5,5,6,4
581,man,20,partner_good,medium,4,2,4,6,5,3,3,4,5,2,4,5,4
582,man,19,partner_good,medium,4,2,4,3,2,4,3,5,5,3,4,5,4
583,man,19,partner_good,medium,3,3,5,1,3,3,4,5,5,4,5,6,4
584,man,21,partner_good,medium,5,3,3,5,6,3,6,6,5,4,3,6,4
585,man,19,partner_good,medium,3,3,2,5,5,3,3,5,3,1,5,5,3
586,man,21,partner_good,medium,6,2,5,3,5,4,3,3,4,3,4,6,5
587,man,21,partner_good,medium,4,4,5,4,5,4,3,4,5,3,4,5,4
588,man,19,partner_good,medium,5,3,4,4,5,4,3,5,5,4,3,3,4
589,man,19,partner_good,medium,4,3,5,5,5,3,6,2,3,3,3,4,5
590,man,21,partner_good,medium,3,3,5,4,5,6,4,5,4,2,3,5,4
591,man,21,partner_good,medium,3,6,3,4,5,4,2,3,4,3,6,6,4
592,man,20,partner_good,medium,4,4,4,4,4,2,2,4,4,4,4,5,4
593,man,21,partner_good,medium,4,4,6,5,4,3,3,4,4,4,3,4,4
594,man,21,partner_good,medium,5,2,5,3,5,3,7,3,5,6,5,8,4
595,man,22,partner_good,medium,3,4,4,4,5,4,6,3,4,3,4,6,4
596,man,20,partner_good,medium,5,3,4,4,4,3,1,3,4,5,5,5,3
597,man,20,partner_good,medium,3,4,4,2,5,6,2,6,6,5,5,5,3
598,man,19,partner_good,medium,2,5,4,2,6,3,3,4,6,4,4,5,3
599,man,18,partner_good,medium,5,3,4,6,4,2,4,4,3,3,4,4,5
600,man,21,partner_good,medium,2,1,6,5,5,6,4,1,2,4,4,6,4
601,man,22,partner_good,low,4,5,5,6,5,5,4,3,5,1,2,1,4
602,man,21,partner_good,low,5,2,3,2,4,3,7,3,4,4,3,3,5
603,man,20,partner_good,low,6,6,4,3,3,3,1,3,5,4,3,3,3
604,man,21,partner_good,low,4,3,6,2,2,4,6,3,4,4,3,4,4
605,man,19,partner_good,low,3,4,6,4,5,5,6,3,4,5,4,5,4
606,man,20,partner_good,low,3,3,3,3,4,6,5,6,3,3,4,4,3
607,man,20,partner_good,low,4,5,4,5,3,4,4,3,4,4,5,4,2
608,man,21,partner_good,low,4,2,4,4,6,4,5,5,4,2,4,5,4
609,man,20,partner_good,low,2,3,3,5,5,4,5,3,3,4,4,4,5
610,man,21,partner_good,low,2,4,5,3,3,5,5,3,5,4,5,5,3
611,man,18,partner_good,low,5,5,5,6,4,4,1,3,4,5,3,3,3
612,man,20,partner_good,low,4,4,5,3,6,2,1,5,3,4,6,6,4
613,man,21,partner_good,low,3,6,2,5,4,3,3,4,4,4,4,3,3
614,man,21,partner_good,low,4,3,6,6,4,3,3,1,4,3,4,4,4
615,man,21,partner_good,low,2,3,5,4,5,6,4,2,5,1,4,4,4
616,man,21,partner_good,low,3,5,4,6,5,6,3,5,5,4,3,3,3
617,man,18,partner_good,low,5,6,4,6,3,3,2,3,5,3,5,4,3
618,man,19,partner_good,low,3,3,2,4,4,3,3,6,3,4,5,5,5
619,man,20,partner_good,low,5,5,4,4,5,4,2,7,5,3,4,3,3
620,man,20,partner_good,low,4,4,4,1,5,4,5,4,7,2,5,6,4
621,man,21,partner_good,low,3,3,5,3,4,3,6,5,4,3,2,3,5
622,man,19,partner_good,low,4,5,4,5,4,4,3,6,4,2,2,2,3
623,man,21,partner_good,low,4,4,4,5,5,3,5,2,3,4,4,3,3
624,man,20,partner_good,low,4,5,2,3,5,5,5,6,5,3,4,4,3
625,man,21,partner_good,low,3,6,4,5,5,5,2,4,3,3,4,4,3
626,man,20,partner_good,low,4,4,3,3,3,5,2,4,5,6,4,3,2
627,man,20,partner_good,low,4,5,5,5,4,3,2,2,4,7,4,4,4
628,man,21,partner_good,low,2,5,5,5,4,3,3,2,4,3,5,5,3
629,man,19,partner_good,low,4,3,3,4,2,4,3,3,6,2,4,4,3
630,man,20,partner_good,low,3,3,3,3,3,4,3,4,3,3,4,4,4
631,man,19,partner_bad,high,4,5,6,3,4,3,5,3,5,4,2,0,3
632,man,20,partner_bad,high,3,3,6,4,6,4,4,2,5,1,5,3,2
633,man,18,partner_bad,high,6,6,1,3,3,3,4,6,5,2,3,1,3
634,man,22,partner_bad,high,2,5,4,5,4,3,3,6,2,5,5,4,3
635,man,20,partner_bad,high,5,2,6,6,2,3,3,4,4,7,5,3,3
636,man,20,partner_bad,high,2,5,6,4,4,5,2,2,5,5,4,1,3
637,man,22,partner_bad,high,4,7,4,5,4,4,2,3,4,7,5,1,3
638,man,19,partner_bad,high,6,5,5,4,4,1,3,3,5,4,4,1,4
639,man,19,partner_bad,high,5,5,5,4,3,3,3,2,4,6,5,3,4
640,man,22,partner_bad,high,5,4,6,4,4,3,5,4,4,4,4,2,4
641,man,18,partner_bad,high,6,3,5,3,2,2,5,1,4,6,3,1,3
642,man,18,partner_bad,high,2,4,5,4,3,3,3,3,5,4,3,1,4
643,man,21,partner_bad,high,4,4,3,4,4,2,3,6,4,5,4,2,3
644,man,18,partner_bad,high,5,5,3,3,7,3,3,4,3,2,5,2,3
645,man,20,partner_bad,high,3,1,3,3,5,3,5,4,5,2,3,0,3
646,man,20,partner_bad,high,6,4,4,7,5,3,5,2,4,6,3,2,3
647,man,19,partner_bad,high,3,2,6,5,4,4,2,3,4,3,3,0,4
648,man,20,partner_bad,high,4,4,4,4,4,5,3,3,3,5,4,1,4
649,man,19,partner_bad,high,4,4,6,3,6,3,4,2,5,5,5,2,3
650,man,20,partner_bad,high,2,7,4,5,1,5,5,3,4,6,5,3,4
651,man,19,partner_bad,high,4,3,3,6,5,4,5,3,5,4,5,3,4
652,man,18,partner_bad,high,6,6,2,4,5,2,3,4,4,6,3,0,4
653,man,19,partner_bad,high,3,4,3,6,5,3,2,4,3,4,6,3,3
654,man,18,partner_bad,high,4,5,4,3,4,5,3,4,6,4,5,4,3
655,man,19,partner_bad,high,3,4,6,4,4,4,3,3,3,2,6,3,2
656,man,19,partner_bad,high,3,2,5,4,6,6,4,3,5,2,2,0,3
657,man,21,partner_bad,high,2,7,5,3,4,4,1,3,5,3,4,0,3
658,man,21,partner_bad,high,1,5,4,3,4,6,6,4,4,5,4,3,4
659,man,20,partner_bad,high,2,5,5,4,5,6,1,2,4,1,6,4,2
660,man,19,partner_bad,high,2,2,4,1,3,5,4,5,4,4,5,3,5
661,man,22,partner_bad,medium,1,3,4,4,4,5,3,4,2,4,5,2,1
662,man,21,partner_bad,medium,5,2,2,4,5,3,4,6,4,2,4,2,3
663,man,20,partner_bad,medium,3,5,5,4,6,5,1,2,5,4,4,2,3
664,man,20,partner_bad,medium,6,2,5,5,4,4,5,1,2,3,2,0,2
665,man,18,partner_bad,medium,5,5,5,4,2,3,1,3,4,4,4,0,2
666,man,21,partner_bad,medium,5,3,2,2,4,3,4,4,4,6,3,0,3
667,man,20,partner_bad,medium,5,3,3,3,3,5,4,5,4,6,5,2,3
668,man,20,partner_bad,medium,5,7,4,3,4,4,2,5,5,5,3,0,3
669,man,19,partner_bad,medium,3,3,4,4,3,3,6,3,4,5,5,3,3
670,man,21,partner_bad,medium,4,5,5,3,4,4,5,3,4,5,5,2,3
671,man,20,partner_bad,medium,3,5,5,3,4,3,3,2,4,5,4,2,4
672,man,21,partner_bad,medium,2,6,4,6,4,5,2,7,3,3,4,0,2
673,man,21,partner_bad,medium,1,2,5,4,5,7,4,3,5,1,3,1,3
674,man,20,partner_bad,medium,5,2,4,4,5,2,5,5,5,3,3,0,2
675,man,20,partner_bad,medium,3,5,5,2,5,5,4,3,7,5,4,0,3
676,man,20,partner_bad,medium,4,3,5,6,3,3,6,4,3,4,1,0,3
677,man,20,partner_bad,medium,3,6,3,3,5,4,4,3,5,2,3,0,3
678,man,21,partner_bad,medium,1,4,4,4,4,4,4,2,5,5,2,0,3
679,man,19,partner_bad,medium,6,4,4,6,3,2,6,2,4,2,5,2,3
680,man,18,partner_bad,medium,4,3,4,3,3,4,4,2,5,5,3,2,4
681,man,20,partner_bad,medium,5,4,2,5,5,4,5,3,4,5,3,1,4
682,man,21,partner_bad,medium,5,4,5,5,4,4,4,4,3,5,4,1,3
683,man,21,partner_bad,medium,4,4,4,3,4,2,4,3,5,6,4,1,2
684,man,20,partner_bad,medium,4,2,4,4,4,4,5,6,5,5,4,1,4
685,man,21,partner_bad,medium,2,1,4,6,3,4,5,4,3,4,5,3,3
686,man,21,partner_bad,medium,4,5,4,2,5,3,4,5,5,2,4,0,4
687,man,20,partner_bad,medium,4,2,5,2,4,4,3,3,5,2,5,2,3
688,man,21,partner_bad,medium,4,5,5,3,4,6,5,5,4,6,4,1,4
689,man,22,partner_bad,medium,6,4,5,5,4,4,2,4,2,3,4,0,3
690,man,21,partner_bad,medium,4,4,6,5,6,5,3,5,6,2,4,0,4
691,man,19,partner_bad,low,3,1,6,4,4,5,7,3,3,2,5,3,3
692,man,19,partner_bad,low,4,6,5,2,4,3,2,4,6,3,5,0,2
693,man,21,partner_bad,low,3,2,3,2,5,4,6,5,5,4,4,1,2
694,man,19,partner_bad,low,3,4,3,4,4,4,3,5,6,3,3,0,2
695,man,20,partner_bad,low,1,2,4,4,6,5,3,3,4,3,6,3,2
696,man,21,partner_bad,low,2,6,1,4,6,3,2,5,5,2,5,0,2
697,man,21,partner_bad,low,3,7,4,5,3,4,1,3,4,3,6,1,2
698,man,21,partner_bad,low,4,5,5,3,5,5,4,4,3,3,2,0,2
699,man,18,partner_bad,low,4,4,4,4,2,3,6,4,4,5,4,0,3
700,man,19,partner_bad,low,3,3,4,2,5,5,3,3,6,3,3,0,2
701,man,18,partner_bad,low,5,2,4,2,3,2,5,6,4,4,4,0,3
702,man,19,partner_bad,low,2,6,4,3,4,5,3,5,6,6,4,0,2
703,man,19,partner_bad,low,2,4,5,4,4,3,1,1,4,1,7,2,2
704,man,20,partner_bad,low,5,3,5,4,4,4,3,3,4,7,3,0,3
705,man,20,partner_bad,low,3,6,4,4,5,4,2,2,5,4,4,0,3
706,man,19,partner_bad,low,5,5,4,4,4,5,4,3,3,4,5,1,3
707,man,18,partner_bad,low,6,5,3,3,3,2,3,3,5,6,5,0,1
708,man,21,partner_bad,low,3,4,4,2,4,3,2,4,4,4,3,0,1
709,man,18,partner_bad,low,3,3,4,4,4,4,4,2,4,2,4,0,1
710,man,19,partner_bad,low,4,3,4,4,4,4,3,2,3,4,3,0,2
711,man,21,partner_bad,low,5,3,5,4,3,4,3,3,5,3,3,0,2
712,man,18,partner_bad,low,3,5,5,4,4,4,3,2,5,4,4,0,1
713,man,19,partner_bad,low,4,4,5,3,3,4,4,1,5,4,3,0,2
714,man,20,partner_bad,low,5,3,4,4,3,3,5,3,4,3,2,0,4
715,man,21,partner_bad,low,2,7,5,4,4,4,3,4,4,4,2,0,2
716,man,21,partner_bad,low,3,3,5,3,3,5,4,5,6,4,4,1,3
717,man,18,partner_bad,low,4,5,3,1,2,4,2,2,4,5,1,0,2
718,man,22,partner_bad,low,5,6,3,5,4,4,3,5,3,4,4,0,2
719,man,20,partner_bad,low,3,2,7,4,4,5,5,1,4,3,6,2,3
720,man,21,partner_bad,low,5,3,5,3,4,3,3,3,4,6,5,1,2
